Session ID,User Name,User ID,Session Created,Session Updated,Message ID,Message Role,Message Content,Message Created,Has Image,Has Skin Analysis,Skin Analysis Data
session_1752140259714_a58wgprgg,gabriele,user_1752140259714,2025-07-10T09:37:42.149Z,2025-07-10T09:37:42.149Z,1656,assistant,"Ciao Gabriele! Stai per iniziare l'analisi della tua pelle con AI-DermaSense, la tecnologia dermocosmetica creata dai Farmacisti e Dermatologi di Bonnie per aiutarti a migliorare la tua pelle.  Puoi iniziare l'analisi in due modi: - **Carica una foto del tuo viso (struccato e con buona luce naturale)** per farla analizzare da una skin specialist AI. üì∏ - **Oppure descrivimi direttamente la tua pelle**: come appare, che problemi senti o noti, e quali sono le tue abitudini skincare. ‚ú®  A te la scelta!",2025-07-10T09:37:43.781Z,false,false,
session_1752140259714_a58wgprgg,gabriele,user_1752140259714,2025-07-10T09:37:42.149Z,2025-07-10T09:37:42.149Z,1657,user,"[Immagine caricata: IMG_0239.HEIC]",2025-07-10T09:37:47.998Z,true,false,
session_1752140259714_a58wgprgg,gabriele,user_1752140259714,2025-07-10T09:37:42.149Z,2025-07-10T09:37:42.149Z,1658,assistant,"Grazie per aver condiviso la tua foto! üì∏ Ho completato l'analisi della tua pelle utilizzando la tecnologia AI dermocosmetica di Bonnie.  üìä **ANALISI COMPLETA DELLA PELLE:**  **Punteggio Generale:** 33/100 - Buono, la tua pelle √® complessivamente sana  -   **Rossori:** 25/100 - Ottimo -   **Acne:** 22/100 - Ottimo -   **Rughe:** 15/100 - Ottimo -   **Pigmentazione:** 30/100 - Ottimo -   **Pori Dilatati:** 45/100 - Discreto -   **Oleosit√†:** 42/100 - Discreto -   **Danni Solari:** 28/100 - Ottimo -   **Occhiaie:** 55/100 - Discreto -   **Idratazione:** 70/100 - Discreto -   **Elasticit√†:** 75/100 - Discreto -   **Texture Uniforme:** 58/100 - Da migliorare  **üîç PANORAMICA PROBLEMI PRINCIPALI:** La tua pelle mostra complessivamente un buono stato di salute. I parametri pi√π rilevanti sono: Elasticit√† (75) e Idratazione (70) indicano un buon livello di turgore e apporto idrico. Notiamo anche un punteggio discreto per Occhiaie (55) e Texture Uniforme (58), suggerendo aree dove si potrebbe affinare la cura.  Tuttavia, c'√® qualche problematica specifica che hai notato o sensazioni riguardo la tua pelle che vorresti condividere?",2025-07-10T09:38:22.813Z,false,[object Object],"{""rossori"":25,""acne"":22,""rughe"":15,""pigmentazione"":30,""pori_dilatati"":45,""oleosita"":42,""danni_solari"":28,""occhiaie"":55,""idratazione"":70,""elasticita"":75,""texture_uniforme"":58}"
session_1752140259714_a58wgprgg,gabriele,user_1752140259714,2025-07-10T09:37:42.149Z,2025-07-10T09:37:42.149Z,1659,user,"no",2025-07-10T09:38:31.731Z,false,false,
session_1752140259714_a58wgprgg,gabriele,user_1752140259714,2025-07-10T09:37:42.149Z,2025-07-10T09:37:42.149Z,1660,assistant,"Perfetto! Ora ho bisogno di alcune informazioni aggiuntive per personalizzare al meglio la tua routine. Ti far√≤ alcune domande specifiche, iniziamo:  Utilizzi scrub o peeling?",2025-07-10T09:38:37.178Z,false,false,
session_1752140259714_a58wgprgg,gabriele,user_1752140259714,2025-07-10T09:37:42.149Z,2025-07-10T09:37:42.149Z,1661,user,"No",2025-07-10T09:38:38.821Z,false,false,
session_1752140259714_a58wgprgg,gabriele,user_1752140259714,2025-07-10T09:37:42.149Z,2025-07-10T09:37:42.149Z,1662,assistant,"Capisco, non utilizzi scrub o peeling. Ottimo, questo aiuta a mantenere la barriera cutanea intatta.  Quando ti lavi il viso la tua pelle tira?",2025-07-10T09:38:41.122Z,false,false,
session_1752140259714_a58wgprgg,gabriele,user_1752140259714,2025-07-10T09:37:42.149Z,2025-07-10T09:37:42.149Z,1663,user,"A volte",2025-07-10T09:38:43.139Z,false,false,
session_1752140259714_a58wgprgg,gabriele,user_1752140259714,2025-07-10T09:37:42.149Z,2025-07-10T09:37:42.149Z,1664,assistant,"Capito, a volte la tua pelle tira dopo averla lavata. Questo potrebbe indicare che il detergente √® un po' troppo sgrassante o che la pelle ha bisogno di un aiuto in pi√π per mantenere l'idratazione.  Ora, passiamo ad alcune informazioni personali che ci aiuteranno a capire meglio le tue esigenze.  Quanti anni hai?",2025-07-10T09:38:45.573Z,false,false,
session_1752140259714_a58wgprgg,gabriele,user_1752140259714,2025-07-10T09:37:42.149Z,2025-07-10T09:37:42.149Z,1665,user,"24",2025-07-10T09:38:48.835Z,false,false,
session_1752140259714_a58wgprgg,gabriele,user_1752140259714,2025-07-10T09:37:42.149Z,2025-07-10T09:37:42.149Z,1666,assistant,"Perfetto, 24 anni. L'et√† √® un fattore importante per scegliere i prodotti pi√π adatti.  Ora, il genere:",2025-07-10T09:38:50.296Z,false,false,
session_1752140259714_a58wgprgg,gabriele,user_1752140259714,2025-07-10T09:37:42.149Z,2025-07-10T09:37:42.149Z,1667,user,"Maschile",2025-07-10T09:38:52.114Z,false,false,
session_1752140259714_a58wgprgg,gabriele,user_1752140259714,2025-07-10T09:37:42.149Z,2025-07-10T09:37:42.149Z,1668,assistant,"Grazie, Maschile. Questo ci aiuta a personalizzare meglio i consigli sulla cura della pelle.  Ci sono ingredienti ai quali la tua pelle √® allergica?",2025-07-10T09:38:53.148Z,false,false,
session_1752140259714_a58wgprgg,gabriele,user_1752140259714,2025-07-10T09:37:42.149Z,2025-07-10T09:37:42.149Z,1669,user,"no",2025-07-10T09:38:56.653Z,false,false,
session_1752140259714_a58wgprgg,gabriele,user_1752140259714,2025-07-10T09:37:42.149Z,2025-07-10T09:37:42.149Z,1670,assistant,"Perfetto, nessun'allergia segnalata. Questo ci d√† pi√π libert√† nella scelta degli ingredienti.  Ti piacerebbe avere una fragranza che profumi di fiori per la tua skincare? (Se scegli di non metterla, l'odore naturale dei prodotti pu√≤ essere sgradevole)",2025-07-10T09:38:57.643Z,false,false,
session_1752140259714_a58wgprgg,gabriele,user_1752140259714,2025-07-10T09:37:42.149Z,2025-07-10T09:37:42.149Z,1671,user,"S√¨",2025-07-10T09:39:00.261Z,false,false,
session_1752140259714_a58wgprgg,gabriele,user_1752140259714,2025-07-10T09:37:42.149Z,2025-07-10T09:37:42.149Z,1672,assistant,"Perfetto, la fragranza floreale sar√† un tocco piacevole per la tua routine.  Metti la crema solare ogni giorno?",2025-07-10T09:39:01.169Z,false,false,
session_1752140259714_a58wgprgg,gabriele,user_1752140259714,2025-07-10T09:37:42.149Z,2025-07-10T09:37:42.149Z,1673,user,"Mai",2025-07-10T09:39:05.228Z,false,false,
session_1752140259714_a58wgprgg,gabriele,user_1752140259714,2025-07-10T09:37:42.149Z,2025-07-10T09:37:42.149Z,1674,assistant,"Capito, non usi mai la crema solare. √à importante sapere che la protezione solare √® fondamentale ogni giorno, non solo in estate, per prevenire danni e invecchiamento cutaneo.  Quanti litri d'acqua bevi al giorno?",2025-07-10T09:39:06.585Z,false,false,
session_1752140259714_a58wgprgg,gabriele,user_1752140259714,2025-07-10T09:37:42.149Z,2025-07-10T09:37:42.149Z,1675,user,"1.5-2L",2025-07-10T09:39:11.291Z,false,false,
session_1752140259714_a58wgprgg,gabriele,user_1752140259714,2025-07-10T09:37:42.149Z,2025-07-10T09:37:42.149Z,1676,assistant,"Perfetto! Una buona idratazione aiuta molto la pelle.  Quante ore dormi in media?",2025-07-10T09:39:12.453Z,false,false,
session_1752140259714_a58wgprgg,gabriele,user_1752140259714,2025-07-10T09:37:42.149Z,2025-07-10T09:37:42.149Z,1677,user,"7-8h",2025-07-10T09:39:15.580Z,false,false,
session_1752140259714_a58wgprgg,gabriele,user_1752140259714,2025-07-10T09:37:42.149Z,2025-07-10T09:37:42.149Z,1678,assistant,"Ottimo! Un buon riposo √® fondamentale per la rigenerazione della pelle.  Hai un'alimentazione bilanciata?",2025-07-10T09:39:16.431Z,false,false,
session_1752140259714_a58wgprgg,gabriele,user_1752140259714,2025-07-10T09:37:42.149Z,2025-07-10T09:37:42.149Z,1679,user,"Abbastanza",2025-07-10T09:39:18.373Z,false,false,
session_1752140259714_a58wgprgg,gabriele,user_1752140259714,2025-07-10T09:37:42.149Z,2025-07-10T09:37:42.149Z,1680,assistant,"Bene, un'alimentazione abbastanza bilanciata √® un buon punto di partenza per la salute della pelle.  Fumi?",2025-07-10T09:39:20.060Z,false,false,
session_1752140259714_a58wgprgg,gabriele,user_1752140259714,2025-07-10T09:37:42.149Z,2025-07-10T09:37:42.149Z,1681,user,"No",2025-07-10T09:39:21.819Z,false,false,
session_1752140259714_a58wgprgg,gabriele,user_1752140259714,2025-07-10T09:37:42.149Z,2025-07-10T09:37:42.149Z,1682,assistant,"Ottimo, non fumi. Questa √® un'ottima notizia per la salute e l'aspetto della tua pelle!  Da 1 a 10, qual √® il tuo livello di stress attuale?",2025-07-10T09:39:23.014Z,false,false,
session_1752140259714_a58wgprgg,gabriele,user_1752140259714,2025-07-10T09:37:42.149Z,2025-07-10T09:37:42.149Z,1683,user,"4",2025-07-10T09:39:26.249Z,false,false,
session_1752140259714_a58wgprgg,gabriele,user_1752140259714,2025-07-10T09:37:42.149Z,2025-07-10T09:37:42.149Z,1684,assistant,"Capisco, un livello di stress di 4 su 10. Questo √® un buon segno, poich√© lo stress influisce molto sulla pelle.  Ci sono informazioni sulla tua pelle che non ti abbiamo chiesto e che vorresti condividere?",2025-07-10T09:39:27.535Z,false,false,
session_1752140259714_a58wgprgg,gabriele,user_1752140259714,2025-07-10T09:37:42.149Z,2025-07-10T09:37:42.149Z,1685,user,"no",2025-07-10T09:39:31.930Z,false,false,
session_1752140259714_a58wgprgg,gabriele,user_1752140259714,2025-07-10T09:37:42.149Z,2025-07-10T09:37:42.149Z,1686,assistant,"Perfetto, nessun'altra informazione da aggiungere.  Per visualizzare gli ingredienti perfetti per la tua pelle, potresti condividere la tua mail?",2025-07-10T09:39:32.847Z,false,false,
session_1752140259714_a58wgprgg,gabriele,user_1752140259714,2025-07-10T09:37:42.149Z,2025-07-10T09:37:42.149Z,1687,user,"mail@gmail.com",2025-07-10T09:39:42.395Z,false,false,
session_1752140259714_a58wgprgg,gabriele,user_1752140259714,2025-07-10T09:37:42.149Z,2025-07-10T09:37:42.149Z,1688,assistant,"Grazie per aver fornito tutte le informazioni necessarie, Gabriele! Ho ora un quadro completo della tua pelle e delle tue abitudini.  üîé **LE TUE PRINCIPALI NECESSIT√Ä E CONSIGLI SPECIFICI:** ‚Ä¢   **Pori Dilatati e Oleosit√† (Pori: 45/100, Oleosit√†: 42/100):** La tua pelle mostra una tendenza a pori leggermente dilatati e una discreta oleosit√†.     **Ingrediente consigliato:** Amamelide     **Come funziona:** L'Amamelide √® conosciuta per le sue propriet√† astringenti e purificanti, che aiutano a controllare l'eccesso di sebo e a ridurre l'aspetto dei pori dilatati.  ‚Ä¢   **Occhiaie (55/100):** La zona sotto gli occhi presenta delle occhiaie discrete.     **Ingrediente consigliato:** Estratto di Liquirizia     **Come funziona:** L'Estratto di Liquirizia contribuisce a ridurre l'aspetto delle occhiaie scure e a illuminare la zona perioculare, per uno sguardo pi√π riposato.  ‚Ä¢   **Texture Uniforme (58/100):** La tua texture cutanea √® un'area da migliorare, spesso correlata alla presenza di pori e oleosit√†.  Vorresti che ti fornissi una routine personalizzata completa basata su tutte queste informazioni?",2025-07-10T09:40:04.355Z,false,false,
session_1752140259714_a58wgprgg,gabriele,user_1752140259714,2025-07-10T09:37:42.149Z,2025-07-10T09:37:42.149Z,1689,user,"si",2025-07-10T09:40:19.889Z,false,false,
session_1752140259714_a58wgprgg,gabriele,user_1752140259714,2025-07-10T09:37:42.149Z,2025-07-10T09:37:42.149Z,1690,assistant,"Grazie per aver confermato, Gabriele! Ecco la tua routine personalizzata completa, basata su tutte le informazioni che mi hai fornito:  Gli ingredienti ideali per la tua pelle possono essere inseriti all'interno di una skincare personalizzata prodotta su misura in laboratorio da farmacisti specializzati.  **üåÖ ROUTINE MATTUTINA:** 1.  **Gel Detergente Bonnie:** Per la tua pelle mista e la sensazione che ""tira"" a volte, ti consiglio un gel detergente delicato e riequilibrante, che pulisce senza seccare. 2.  **Crema Personalizzata Bonnie:** Una formula studiata per la tua pelle mista, aiuter√† a bilanciare l'oleosit√† e a migliorare l'aspetto della texture. Sar√† arricchita con la fragranza floreale che hai richiesto. 3.  **Protezione Solare:** √à fondamentale applicare ogni mattina una protezione solare con SPF 30 o 50, anche in inverno e nelle giornate nuvolose, per prevenire danni e invecchiamento cutaneo.  **üåô ROUTINE SERALE:** 1.  **Gel Detergente Bonnie:** Lo stesso gel detergente delicato sar√† perfetto per rimuovere le impurit√† accumulate durante il giorno e lasciare la pelle fresca. 2.  **Crema Personalizzata Bonnie:** Una crema formulata per lavorare durante la notte, supportando la rigenerazione e il mantenimento dell'equilibrio della tua pelle. 3.  **Sleeping Mask Bonnie:** Un trattamento notte intensivo che fornir√† un nutrimento extra, contribuendo a migliorare l'idratazione e la vitalit√† della pelle mentre dormi.  **üí° CONSIGLI PERSONALIZZATI:** La tua pelle mostra un buon equilibrio generale. Mantenere l'ottima abitudine di bere 1.5-2L d'acqua al giorno √® eccellente per l'idratazione cutanea. Il tuo riposo adeguato e il basso livello di stress sono altri punti di forza per la salute della tua pelle. L'alimentazione abbastanza bilanciata e il fatto che non fumi contribuiscono positivamente al tuo benessere cutaneo. Ricorda che la protezione solare quotidiana √® il gesto pi√π importante per la prevenzione dei danni solari e per mantenere la pelle giovane pi√π a lungo.  **‚ö†Ô∏è AVVERTENZE SPECIFICHE:** Non hai segnalato allergie, il che √® ottimo. √à comunque sempre una buona abitudine testare qualsiasi nuovo prodotto su una piccola area della pelle prima dell'applicazione estesa.  Puoi accedere tramite questo pulsante alla tua skincare personalizzata: **[LINK_BUTTON:https://tinyurl.com/formulabonnie:Accedi alla tua skincare personalizzata]**",2025-07-10T09:40:56.294Z,false,false,